<?xml version="1.0" encoding="UTF-8"?>
<build-type xmlns:xsi="http://www.w3.org/2001/XMLSchema-instance" uuid="e76bd3b2-874a-44b8-abd6-2c039c73e056" xsi:noNamespaceSchemaLocation="http://www.jetbrains.com/teamcity/schemas/10.0/project-config.xsd">
  <name>Build</name>
  <description />
  <settings>
    <parameters />
    <build-runners>
      <runner id="RUNNER_1" name="NuGet Restore" type="jb.nuget.installer">
        <parameters>
          <param name="nuget.path" value="%teamcity.tool.NuGet.CommandLine.DEFAULT%" />
          <param name="nuget.updatePackages.mode" value="sln" />
          <param name="nuget.use.restore" value="restore" />
          <param name="sln.path" value="src/AspNet.Identity.MongoDB.sln" />
          <param name="teamcity.step.mode" value="default" />
          <param name="toolPathSelector" value="%teamcity.tool.NuGet.CommandLine.DEFAULT%" />
        </parameters>
      </runner>
      <runner id="RUNNER_2" name="Compile" type="MSBuild">
        <parameters>
          <param name="build-file-path" value="src/AspNet.Identity.MongoDB.sln" />
          <param name="dotNetCoverage.NCover.HTMLReport.File.Sort" value="0" />
          <param name="dotNetCoverage.NCover.HTMLReport.File.Type" value="1" />
          <param name="dotNetCoverage.NCover.Reg" value="selected" />
          <param name="dotNetCoverage.NCover.platformBitness" value="x86" />
          <param name="dotNetCoverage.NCover.platformVersion" value="v2.0" />
          <param name="dotNetCoverage.NCover3.Reg" value="selected" />
          <param name="dotNetCoverage.NCover3.args" value="//ias .*" />
          <param name="dotNetCoverage.NCover3.platformBitness" value="x86" />
          <param name="dotNetCoverage.NCover3.platformVersion" value="v2.0" />
          <param name="dotNetCoverage.NCover3.reporter.executable.args" value="//or FullCoverageReport:Html:{teamcity.report.path}" />
          <param name="dotNetCoverage.PartCover.Reg" value="selected" />
          <param name="dotNetCoverage.PartCover.includes" value="[*]*" />
          <param name="dotNetCoverage.PartCover.platformBitness" value="x86" />
          <param name="dotNetCoverage.PartCover.platformVersion" value="v2.0" />
          <param name="msbuild_version" value="14.0" />
          <param name="run-platform" value="x86" />
          <param name="targets" value="Rebuild" />
          <param name="teamcity.step.mode" value="default" />
          <param name="toolsVersion" value="14.0" />
        </parameters>
      </runner>
      <runner id="RUNNER_3" name="NUnit Tests" type="NUnit">
        <parameters>
          <param name="dotNetCoverage.NCover.HTMLReport.File.Sort" value="0" />
          <param name="dotNetCoverage.NCover.HTMLReport.File.Type" value="1" />
          <param name="dotNetCoverage.NCover.Reg" value="selected" />
          <param name="dotNetCoverage.NCover.platformBitness" value="x86" />
          <param name="dotNetCoverage.NCover.platformVersion" value="v2.0" />
          <param name="dotNetCoverage.NCover3.Reg" value="selected" />
          <param name="dotNetCoverage.NCover3.args" value="//ias .*" />
          <param name="dotNetCoverage.NCover3.platformBitness" value="x86" />
          <param name="dotNetCoverage.NCover3.platformVersion" value="v2.0" />
          <param name="dotNetCoverage.NCover3.reporter.executable.args" value="//or FullCoverageReport:Html:{teamcity.report.path}" />
          <param name="dotNetCoverage.PartCover.Reg" value="selected" />
          <param name="dotNetCoverage.PartCover.includes" value="[*]*" />
          <param name="dotNetCoverage.PartCover.platformBitness" value="x86" />
          <param name="dotNetCoverage.PartCover.platformVersion" value="v2.0" />
          <param name="dotNetTestRunner.Type" value="NUnit" />
          <param name="nunit_enabled" value="checked" />
          <param name="nunit_environment" value="v4.0" />
          <param name="nunit_include" value="build\tests\Tests.dll" />
          <param name="nunit_platform" value="MSIL" />
          <param name="nunit_version" value="NUnit-2.6.4" />
          <param name="teamcity.step.mode" value="default" />
          <param name="teamcity.tests.runRiskGroupTestsFirst" value="recentlyFailed" />
        </parameters>
      </runner>
      <runner id="RUNNER_4" name="NuGet Pack" type="jb.nuget.pack">
        <parameters>
          <param name="nuget.pack.as.artifact" value="true" />
          <param name="nuget.pack.output.directory" value="%build.vcs.number%" />
          <param name="nuget.pack.project.dir" value="as_is" />
          <param name="nuget.pack.properties" value="Configuration=Release" />
          <param name="nuget.pack.specFile" value="src/AspNet.Identity.MongoDB/AspNet.Identity.MongoDB.csproj" />
          <param name="nuget.path" value="%teamcity.tool.NuGet.CommandLine.DEFAULT%" />
          <param name="teamcity.step.mode" value="default" />
          <param name="toolPathSelector" value="%teamcity.tool.NuGet.CommandLine.DEFAULT%" />
        </parameters>
      </runner>
    </build-runners>
    <vcs-settings>
      <vcs-entry-ref root-id="NetProject_HttpsGithubComBiohazardhpkTeamcityCourseAspnetIdentityMongoGitRefsHea" />
    </vcs-settings>
    <requirements />
    <build-triggers>
      <build-trigger id="vcsTrigger" type="vcsTrigger">
        <parameters>
          <param name="branchFilter" value="+:*" />
          <param name="quietPeriodMode" value="DO_NOT_USE" />
        </parameters>
      </build-trigger>
    </build-triggers>
    <cleanup />
  </settings>
</build-type>

