<?xml version="1.0" encoding="UTF-8"?>
<vcs-root xmlns:xsi="http://www.w3.org/2001/XMLSchema-instance" uuid="2dbf44e8-2cca-434f-906e-bcdb3e9fd25f" type="jetbrains.git" xsi:noNamespaceSchemaLocation="http://www.jetbrains.com/teamcity/schemas/10.0/project-config.xsd">
  <name>https://github.com/Biohazardhpk/teamcity-course-aspnet-identity-mongo.git#refs/heads/master</name>
  <param name="agentCleanFilesPolicy" value="ALL_UNTRACKED" />
  <param name="agentCleanPolicy" value="ON_BRANCH_CHANGE" />
  <param name="authMethod" value="ANONYMOUS" />
  <param name="branch" value="refs/heads/master" />
  <param name="ignoreKnownHosts" value="true" />
  <param name="submoduleCheckout" value="CHECKOUT" />
  <param name="url" value="https://github.com/Biohazardhpk/teamcity-course-aspnet-identity-mongo.git" />
  <param name="useAlternates" value="true" />
  <param name="usernameStyle" value="USERID" />
</vcs-root>

